{
    "$schema": "https://schema.management.azure.com/schemas/2019-04-01/deploymentTemplate.json#",
    "contentVersion": "1.0.0.0",
    "parameters": {
        "botServices_MechaniConverse_bot_name": {
            "defaultValue": "MechaniConverse-bot",
            "type": "String"
        },
        "userAssignedIdentities_MechaniConverse_bot_externalid": {
            "defaultValue": "/subscriptions/3fca5165-58dd-40cf-ac7d-9bab095c3910/resourceGroups/Mech/providers/Microsoft.ManagedIdentity/userAssignedIdentities/MechaniConverse-bot",
            "type": "String"
        }
    },
    "variables": {},
    "resources": [
        {
            "type": "Microsoft.BotService/botServices",
            "apiVersion": "2022-09-15",
            "name": "[parameters('botServices_MechaniConverse_bot_name')]",
            "location": "global",
            "tags": {
                "WebAppLinked": "true"
            },
            "sku": {
                "name": "S1"
            },
            "kind": "azurebot",
            "properties": {
                "displayName": "[parameters('botServices_MechaniConverse_bot_name')]",
                "iconUrl": "[concat('//bot-framework.azureedge.net/bot-icons-v1/', parameters('botServices_MechaniConverse_bot_name'), '_DiK8Z2GEkzH5XU3Us2bqGbL2CY7Dy1Oe1ln34NCmw4lrA8e.png')]",
                "endpoint": "[concat('https://', parameters('botServices_MechaniConverse_bot_name'), '.azurewebsites.net/api/messages')]",
                "msaAppId": "698e1f71-4c70-4c1e-92f6-016e4a7dc6e7",
                "msaAppTenantId": "8413cada-027d-4815-9f3d-b6bed95580f8",
                "msaAppType": "UserAssignedMSI",
                "msaAppMSIResourceId": "[parameters('userAssignedIdentities_MechaniConverse_bot_externalid')]",
                "luisAppIds": [],
                "isStreamingSupported": false,
                "schemaTransformationVersion": "1.3",
                "tenantId": "8413cada-027d-4815-9f3d-b6bed95580f8",
                "isCmekEnabled": false,
                "disableLocalAuth": false
            }
        },
        {
            "type": "Microsoft.BotService/botServices/channels",
            "apiVersion": "2022-09-15",
            "name": "[concat(parameters('botServices_MechaniConverse_bot_name'), '/DirectLineChannel')]",
            "location": "global",
            "dependsOn": [
                "[resourceId('Microsoft.BotService/botServices', parameters('botServices_MechaniConverse_bot_name'))]"
            ],
            "properties": {
                "properties": {
                    "sites": [
                        {
                            "siteName": "Default Site",
                            "isEnabled": true,
                            "isV1Enabled": true,
                            "isV3Enabled": true,
                            "isSecureSiteEnabled": false,
                            "isBlockUserUploadEnabled": false
                        }
                    ],
                    "extensionKey1": "deqB30sg_r8.Og76yGcnvfOTLjm6obEctf0PX8kTKU0fJvFsQVb2wDk",
                    "extensionKey2": "deqB30sg_r8.lYtZMQlfyHMHwj-9pRi0XlEHDRdoSoyRVLPs6jU5PwY"
                },
                "etag": "W/\"f8d94df01c98123ec90967a80ccb9cfd8/27/2023 1:21:24 PM\"",
                "channelName": "DirectLineChannel",
                "location": "global"
            }
        },
        {
            "type": "Microsoft.BotService/botServices/channels",
            "apiVersion": "2022-09-15",
            "name": "[concat(parameters('botServices_MechaniConverse_bot_name'), '/TelegramChannel')]",
            "location": "global",
            "dependsOn": [
                "[resourceId('Microsoft.BotService/botServices', parameters('botServices_MechaniConverse_bot_name'))]"
            ],
            "properties": {
                "properties": {
                    "isValidated": true,
                    "isEnabled": true
                },
                "etag": "W/\"d31a3c3a5ae62ce813dc8c92f0527b358/27/2023 1:21:24 PM\"",
                "channelName": "TelegramChannel",
                "location": "global"
            }
        },
        {
            "type": "Microsoft.BotService/botServices/channels",
            "apiVersion": "2022-09-15",
            "name": "[concat(parameters('botServices_MechaniConverse_bot_name'), '/WebChatChannel')]",
            "location": "global",
            "dependsOn": [
                "[resourceId('Microsoft.BotService/botServices', parameters('botServices_MechaniConverse_bot_name'))]"
            ],
            "properties": {
                "properties": {
                    "sites": [
                        {
                            "siteName": "Default Site",
                            "isEnabled": true,
                            "isWebchatPreviewEnabled": true,
                            "isBlockUserUploadEnabled": false
                        }
                    ]
                },
                "etag": "W/\"e110104aea9557a60553aed0842a0aec8/27/2023 1:21:24 PM\"",
                "channelName": "WebChatChannel",
                "location": "global"
            }
        }
    ]
}